run_id,final_val_perplexity,final_val_loss,final_train_loss,params,attention,discovery,include_cap_layer,cap_source,cap_window,n_caps_target,d_model,n_blocks,n_heads,d_ff,steps,seed,wall_clock_seconds,cap_stats_final,cap_stats_initial,effective_epochs,tokens_trained,train_corpus,val_corpus
dense_30m_seed7,33.1,3.4994,3.5731,25436672,standard,nodiscovery,False,local,1,330,512,8,16,2048,10000,7,2645.6,"{'input_layer': None, 'shared': None}","{'input_layer': None, 'shared': None}",1.6,40960000,data/wikitext103/wikitext_train.txt,data/wikitext103/wikitext_val.txt
dense_30m_seed42,33.28,3.505,3.5727,25436672,standard,nodiscovery,False,local,1,330,512,8,16,2048,10000,42,2649.8,"{'input_layer': None, 'shared': None}","{'input_layer': None, 'shared': None}",1.6,40960000,data/wikitext103/wikitext_train.txt,data/wikitext103/wikitext_val.txt
dense_30m_seed123,33.55,3.513,3.4988,25436672,standard,nodiscovery,False,local,1,330,512,8,16,2048,10000,123,2649.4,"{'input_layer': None, 'shared': None}","{'input_layer': None, 'shared': None}",1.6,40960000,data/wikitext103/wikitext_train.txt,data/wikitext103/wikitext_val.txt
dense_10m_seed123,35.89,3.5806,3.5836,10818432,standard,nodiscovery,False,local,1,330,384,6,12,1536,10000,123,1393.6,"{'input_layer': None, 'shared': None}","{'input_layer': None, 'shared': None}",1.6,40960000,data/wikitext103/wikitext_train.txt,data/wikitext103/wikitext_val.txt
dense_10m_seed42,36.05,3.5849,3.6554,10818432,standard,nodiscovery,False,local,1,330,384,6,12,1536,10000,42,1396.6,"{'input_layer': None, 'shared': None}","{'input_layer': None, 'shared': None}",1.6,40960000,data/wikitext103/wikitext_train.txt,data/wikitext103/wikitext_val.txt
dense_10m_seed7,36.38,3.594,3.713,10818432,standard,nodiscovery,False,local,1,330,384,6,12,1536,10000,7,1392.5,"{'input_layer': None, 'shared': None}","{'input_layer': None, 'shared': None}",1.6,40960000,data/wikitext103/wikitext_train.txt,data/wikitext103/wikitext_val.txt
dense_3m_seed7,40.43,3.6995,3.7837,3279104,standard,nodiscovery,False,local,1,330,256,4,8,1024,10000,7,587.4,"{'input_layer': None, 'shared': None}","{'input_layer': None, 'shared': None}",1.6,40960000,data/wikitext103/wikitext_train.txt,data/wikitext103/wikitext_val.txt
dense_3m_seed123,40.56,3.7027,3.6915,3279104,standard,nodiscovery,False,local,1,330,256,4,8,1024,10000,123,584.4,"{'input_layer': None, 'shared': None}","{'input_layer': None, 'shared': None}",1.6,40960000,data/wikitext103/wikitext_train.txt,data/wikitext103/wikitext_val.txt
dense_3m_seed42,40.75,3.7074,3.7728,3279104,standard,nodiscovery,False,local,1,330,256,4,8,1024,10000,42,575.6,"{'input_layer': None, 'shared': None}","{'input_layer': None, 'shared': None}",1.6,40960000,data/wikitext103/wikitext_train.txt,data/wikitext103/wikitext_val.txt
